date, value
2008/1/14,2478.3
2008/1/15,2417.59
2008/1/16,2394.59
2008/1/17,2346.9
2008/1/18,2340.02
2008/1/22,2292.27
2008/1/23,2316.41
2008/1/24,2360.92
2008/1/25,2326.2
2008/1/28,2349.91
2008/1/29,2358.06
2008/1/30,2349
2008/1/31,2389.86
2008/2/1,2413.36
2008/2/4,2382.85
2008/2/5,2309.57
2008/2/6,2278.75
2008/2/7,2293.03
2008/2/8,2304.85
2008/2/11,2320.06
2008/2/12,2320.04
2008/2/13,2373.93
2008/2/14,2332.54
2008/2/15,2321.8
2008/2/19,2306.2
2008/2/20,2327.1
2008/2/21,2299.78
2008/2/22,2303.35
2008/2/25,2327.48
2008/2/26,2344.99
2008/2/27,2353.78
2008/2/28,2331.57
2008/2/29,2271.48
2008/3/3,2258.6
2008/3/4,2260.28
2008/3/5,2272.81
2008/3/6,2220.5
2008/3/7,2212.49
2008/3/10,2169.34
2008/3/11,2255.76
2008/3/12,2243.87
2008/3/13,2263.61
2008/3/14,2212.49
2008/3/17,2177.01
2008/3/18,2268.26
2008/3/19,2209.96
2008/3/20,2258.11
2008/3/24,2326.75
2008/3/25,2341.05
2008/3/26,2324.36
2008/3/27,2280.83
2008/3/28,2261.18
2008/3/31,2279.1
2008/4/1,2362.75
2008/4/2,2361.4
2008/4/3,2363.3
2008/4/4,2370.98
2008/4/7,2364.83
2008/4/8,2348.76
2008/4/9,2322.12
2008/4/10,2351.7
2008/4/11,2290.24
2008/4/14,2275.82
2008/4/15,2286.04
2008/4/16,2350.11
2008/4/17,2341.83
2008/4/18,2402.97
2008/4/21,2408.04
2008/4/22,2376.94
2008/4/23,2405.21
2008/4/24,2428.92
2008/4/25,2422.93
2008/4/28,2424.4
2008/4/29,2426.1
2008/4/30,2412.8
2008/5/1,2480.71
2008/5/2,2476.99
2008/5/5,2464.12
2008/5/6,2483.31
2008/5/7,2438.49
2008/5/8,2451.24
2008/5/9,2445.52
2008/5/12,2488.49
2008/5/13,2495.12
2008/5/14,2496.7
2008/5/15,2533.73
2008/5/16,2528.85
2008/5/19,2516.09
2008/5/20,2492.26
2008/5/21,2448.27
2008/5/22,2464.58
2008/5/23,2444.67
2008/5/27,2481.24
2008/5/28,2486.7
2008/5/29,2508.32
2008/5/30,2522.66
2008/6/2,2491.53
2008/6/3,2480.48
2008/6/4,2503.14
2008/6/5,2549.94
2008/6/6,2474.56
2008/6/9,2459.46
2008/6/10,2448.94
2008/6/11,2394.01
2008/6/12,2404.35
2008/6/13,2454.5
2008/6/16,2474.78
2008/6/17,2457.73
2008/6/18,2429.71
2008/6/19,2462.06
2008/6/20,2406.09
2008/6/23,2385.74
2008/6/24,2368.28
2008/6/25,2401.26
2008/6/26,2321.37
2008/6/27,2315.63
2008/6/30,2292.98
2008/7/1,2304.97
2008/7/2,2251.46
2008/7/3,2245.38
2008/7/7,2243.32
2008/7/8,2294.44
2008/7/9,2234.89
2008/7/10,2257.85
2008/7/11,2239.08
2008/7/14,2212.87
2008/7/15,2215.71
2008/7/16,2284.85
2008/7/17,2312.3
2008/7/18,2282.78
2008/7/21,2279.53
2008/7/22,2303.96
2008/7/23,2325.88
2008/7/24,2280.11
2008/7/25,2310.53
2008/7/28,2264.22
2008/7/29,2319.62
2008/7/30,2329.72
2008/7/31,2325.55
2008/8/1,2310.96
2008/8/4,2285.56
2008/8/5,2349.83
2008/8/6,2378.37
2008/8/7,2355.73
2008/8/8,2414.1
2008/8/11,2439.95
2008/8/12,2430.61
2008/8/13,2428.62
2008/8/14,2453.67
2008/8/15,2452.52
2008/8/18,2416.98
2008/8/19,2384.36
2008/8/20,2389.08
2008/8/21,2380.38
2008/8/22,2414.71
2008/8/25,2365.59
2008/8/26,2361.97
2008/8/27,2382.46
2008/8/28,2411.64
2008/8/29,2367.52
2008/9/2,2349.24
2008/9/3,2333.73
2008/9/4,2259.04
2008/9/5,2255.88
2008/9/8,2269.76
2008/9/9,2209.81
2008/9/10,2228.7
2008/9/11,2258.22
2008/9/12,2261.27
2008/9/15,2179.91
2008/9/16,2207.9
2008/9/17,2098.85
2008/9/18,2199.1
2008/9/19,2273.9
2008/9/22,2178.98
2008/9/23,2153.33
2008/9/24,2155.68
2008/9/25,2186.57
2008/9/26,2183.34
2008/9/29,1983.73
2008/9/30,2091.88
2008/10/1,2069.4
2008/10/2,1976.72
2008/10/3,1947.39
2008/10/6,1862.96
2008/10/7,1754.88
2008/10/8,1740.33
2008/10/9,1645.12
2008/10/10,1649.51
2008/10/13,1844.25
2008/10/14,1779.01
2008/10/15,1628.33
2008/10/16,1717.71
2008/10/17,1711.29
2008/10/20,1770.03
2008/10/21,1696.68
2008/10/22,1615.75
2008/10/23,1603.91
2008/10/24,1552.03
2008/10/27,1505.9
2008/10/28,1649.47
2008/10/29,1657.21
2008/10/30,1698.52
2008/10/31,1720.95
2008/11/3,1726.33
2008/11/4,1780.12
2008/11/5,1681.64
2008/11/6,1608.7
2008/11/7,1647.4
2008/11/10,1616.74
2008/11/11,1580.9
2008/11/12,1499.21
2008/11/13,1596.7
2008/11/14,1516.85
2008/11/17,1482.05
2008/11/18,1483.27
2008/11/19,1386.42
2008/11/20,1316.12
2008/11/21,1384.35
2008/11/24,1472.02
2008/11/25,1464.73
2008/11/26,1532.1
2008/11/28,1535.57
2008/12/1,1398.07
2008/12/2,1449.8
2008/12/3,1492.38
2008/12/4,1445.56
2008/12/5,1509.31
2008/12/8,1571.74
2008/12/9,1547.34
2008/12/10,1565.48
2008/12/11,1507.88
2008/12/12,1540.72
2008/12/15,1508.34
2008/12/16,1589.89
2008/12/17,1579.31
2008/12/18,1552.37
2008/12/19,1564.32
2008/12/22,1532.35
2008/12/23,1521.54
2008/12/24,1524.9
2008/12/26,1530.24
2008/12/29,1510.32
2008/12/30,1550.7
2008/12/31,1577.03
2009/1/2,1632.21
2009/1/5,1628.03
2009/1/6,1652.38
2009/1/7,1599.06
2009/1/8,1617.01
2009/1/9,1571.59
2009/1/12,1538.79
2009/1/13,1546.46
2009/1/14,1489.64
2009/1/15,1511.84
2009/1/16,1529.33
2009/1/20,1440.86
2009/1/21,1507.07
2009/1/22,1465.49
2009/1/23,1477.29
2009/1/26,1489.46
2009/1/27,1504.9
2009/1/28,1558.34
2009/1/29,1507.84
2009/1/30,1476.42
2009/2/2,1494.43
2009/2/3,1516.3
2009/2/4,1515.05
2009/2/5,1546.24
2009/2/6,1591.71
2009/2/9,1591.56
2009/2/10,1524.73
2009/2/11,1530.5
2009/2/12,1541.71
2009/2/13,1534.36
2009/2/17,1470.66
2009/2/18,1467.97
2009/2/19,1442.82
2009/2/20,1441.23
2009/2/23,1387.72
2009/2/24,1441.83
2009/2/25,1425.43
2009/2/26,1391.47
2009/2/27,1377.84
2009/3/2,1322.85
2009/3/3,1321.01
2009/3/4,1353.74
2009/3/5,1299.59
2009/3/6,1293.85
2009/3/9,1268.64
2009/3/10,1358.28
2009/3/11,1371.64
2009/3/12,1426.1
2009/3/13,1431.5
2009/3/16,1404.02
2009/3/17,1462.11
2009/3/18,1491.22
2009/3/19,1483.48
2009/3/20,1457.27
2009/3/23,1555.77
2009/3/24,1516.52
2009/3/25,1528.95
2009/3/26,1587
2009/3/27,1545.2
2009/3/30,1501.8
2009/3/31,1528.59
2009/4/1,1551.6
2009/4/2,1602.63
2009/4/3,1621.87
2009/4/6,1606.71
2009/4/7,1561.61
2009/4/8,1590.66
2009/4/9,1652.54
2009/4/13,1653.31
2009/4/14,1625.72
2009/4/15,1626.8
2009/4/16,1670.44
2009/4/17,1673.07
2009/4/20,1608.21
2009/4/21,1643.85
2009/4/22,1646.12
2009/4/23,1652.21
2009/4/24,1694.29
2009/4/27,1679.41
2009/4/28,1673.81
2009/4/29,1711.94
2009/4/30,1717.3
2009/5/1,1719.2
2009/5/4,1763.56
2009/5/5,1754.12
2009/5/6,1759.1
2009/5/7,1716.24
2009/5/8,1739
2009/5/11,1731.24
2009/5/12,1715.92
2009/5/13,1664.19
2009/5/14,1689.21
2009/5/15,1680.14
2009/5/18,1732.36
2009/5/19,1734.54
2009/5/20,1727.84
2009/5/21,1695.25
2009/5/22,1692.01
2009/5/26,1750.43
2009/5/27,1731.08
2009/5/28,1751.79
2009/5/29,1774.33
2009/6/1,1828.68
2009/6/2,1836.8
2009/6/3,1825.92
2009/6/4,1850.02
2009/6/5,1849.42
2009/6/8,1842.4
2009/6/9,1860.13
2009/6/10,1853.08
2009/6/11,1862.37
2009/6/12,1858.8
2009/6/15,1816.38
2009/6/16,1796.18
2009/6/17,1808.06
2009/6/18,1807.72
2009/6/19,1827.47
2009/6/22,1766.19
2009/6/23,1764.92
2009/6/24,1792.34
2009/6/25,1829.54
2009/6/26,1838.22
2009/6/29,1844.06
2009/6/30,1835.04
2009/7/1,1845.72
2009/7/2,1796.52
2009/7/6,1787.4
2009/7/7,1746.17
2009/7/8,1747.17
2009/7/9,1752.55
2009/7/10,1756.03
2009/7/13,1793.21
2009/7/14,1799.73
2009/7/15,1862.9
2009/7/16,1885.03
2009/7/17,1886.61
2009/7/20,1909.29
2009/7/21,1916.2
2009/7/22,1926.38
2009/7/23,1973.6
2009/7/24,1965.96
2009/7/27,1967.89
2009/7/28,1975.51
2009/7/29,1967.76
2009/7/30,1984.3
2009/7/31,1978.5
2009/8/3,2008.61
2009/8/4,2011.31
2009/8/5,1993.05
2009/8/6,1973.16
2009/8/7,2000.25
2009/8/10,1992.24
2009/8/11,1969.73
2009/8/12,1998.72
2009/8/13,2009.35
2009/8/14,1985.52
2009/8/17,1930.84
2009/8/18,1955.92
2009/8/19,1969.24
2009/8/20,1989.22
2009/8/21,2020.9
2009/8/24,2017.98
2009/8/25,2024.23
2009/8/26,2024.43
2009/8/27,2027.73
2009/8/28,2028.77
2009/8/31,2009.06
2009/9/1,1968.89
2009/9/2,1967.07
2009/9/3,1983.2
2009/9/4,2018.78
2009/9/8,2037.77
2009/9/9,2060.39
2009/9/10,2084.02
2009/9/11,2080.9
2009/9/14,2091.78
2009/9/15,2102.64
2009/9/16,2133.15
2009/9/17,2126.75
2009/9/18,2132.86
2009/9/21,2138.04
2009/9/22,2146.3
2009/9/23,2131.42
2009/9/24,2107.61
2009/9/25,2090.92
2009/9/28,2130.74
2009/9/29,2124.04
2009/9/30,2122.42
2009/10/1,2057.48
2009/10/2,2048.11
2009/10/5,2068.15
2009/10/6,2103.57
2009/10/7,2110.33
2009/10/8,2123.93
2009/10/9,2139.28
2009/10/12,2139.14
2009/10/13,2139.89
2009/10/14,2172.23
2009/10/15,2173.29
2009/10/16,2156.8
2009/10/19,2176.32
2009/10/20,2163.47
2009/10/21,2150.73
2009/10/22,2165.29
2009/10/23,2154.47
2009/10/26,2141.85
2009/10/27,2116.09
2009/10/28,2059.61
2009/10/29,2097.55
2009/10/30,2045.11
2009/11/2,2049.2
2009/11/3,2057.32
2009/11/4,2055.52
2009/11/5,2105.32
2009/11/6,2112.44
2009/11/9,2154.06
2009/11/10,2151.08
2009/11/11,2166.9
2009/11/12,2149.02
2009/11/13,2167.88
2009/11/16,2197.85
2009/11/17,2203.78
2009/11/18,2193.14
2009/11/19,2156.82
2009/11/20,2146.04
2009/11/23,2176.01
2009/11/24,2169.18
2009/11/25,2176.05
2009/11/27,2138.44
2009/11/30,2144.6
2009/12/1,2175.81
2009/12/2,2185.03
2009/12/3,2173.14
2009/12/4,2194.35
2009/12/7,2189.61
2009/12/8,2172.99
2009/12/9,2183.73
2009/12/10,2190.86
2009/12/11,2190.31
2009/12/14,2212.1
2009/12/15,2201.05
2009/12/16,2206.91
2009/12/17,2180.05
2009/12/18,2211.69
2009/12/21,2237.66
2009/12/22,2252.67
2009/12/23,2269.64
2009/12/24,2285.69
2009/12/28,2291.08
2009/12/29,2288.4
2009/12/30,2291.28
2009/12/31,2269.15
2010/1/4,2308.42
2010/1/5,2308.71
2010/1/6,2301.09
2010/1/7,2300.05
2010/1/8,2317.17
2010/1/11,2312.41
2010/1/12,2282.31
2010/1/13,2307.9
2010/1/14,2316.74
2010/1/15,2287.99
2010/1/19,2320.4
2010/1/20,2291.25
2010/1/21,2265.7
2010/1/22,2205.29
2010/1/25,2210.8
2010/1/26,2203.73
2010/1/27,2221.41
2010/1/28,2179
2010/1/29,2147.35
2010/2/1,2171.2
2010/2/2,2190.06
2010/2/3,2190.91
2010/2/4,2125.43
2010/2/5,2141.12
2010/2/8,2126.05
2010/2/9,2150.87
2010/2/10,2147.87
2010/2/11,2177.41
2010/2/12,2183.53
2010/2/16,2214.19
2010/2/17,2226.29
2010/2/18,2241.71
2010/2/19,2243.87
2010/2/22,2242.03
2010/2/23,2213.44
2010/2/24,2235.9
2010/2/25,2234.22
2010/2/26,2238.26
2010/3/1,2273.57
2010/3/2,2280.79
2010/3/3,2280.68
2010/3/4,2292.31
2010/3/5,2326.35
2010/3/8,2332.21
2010/3/9,2340.68
2010/3/10,2358.95
2010/3/11,2368.46
2010/3/12,2367.66
2010/3/15,2362.21
2010/3/16,2378.01
2010/3/17,2389.09
2010/3/18,2391.28
2010/3/19,2374.41
2010/3/22,2395.4
2010/3/23,2415.24
2010/3/24,2398.76
2010/3/25,2397.41
2010/3/26,2395.13
2010/3/29,2404.36
2010/3/30,2410.69
2010/3/31,2397.96
2010/4/1,2402.58
2010/4/5,2429.53
2010/4/6,2436.81
2010/4/7,2431.16
2010/4/8,2436.81
2010/4/9,2454.05
2010/4/12,2457.87
2010/4/13,2465.99
2010/4/14,2504.86
2010/4/15,2515.69
2010/4/16,2481.26
2010/4/19,2480.11
2010/4/20,2500.31
2010/4/21,2504.61
2010/4/22,2519.07
2010/4/23,2530.15
2010/4/26,2522.95
2010/4/27,2471.47
2010/4/28,2471.73
2010/4/29,2511.92
2010/4/30,2461.19
2010/5/3,2498.74
2010/5/4,2424.25
2010/5/5,2402.29
2010/5/6,2319.64
2010/5/7,2265.64
2010/5/10,2374.67
2010/5/11,2375.31
2010/5/12,2425.02
2010/5/13,2394.36
2010/5/14,2346.85
2010/5/17,2354.23
2010/5/18,2317.26
2010/5/19,2298.37
2010/5/20,2204.01
2010/5/21,2229.04
2010/5/24,2213.55
2010/5/25,2210.95
2010/5/26,2195.88
2010/5/27,2277.68
2010/5/28,2257.04
2010/6/1,2222.33
2010/6/2,2281.07
2010/6/3,2303.03
2010/6/4,2219.17
2010/6/7,2173.9
2010/6/8,2170.57
2010/6/9,2158.85
2010/6/10,2218.71
2010/6/11,2243.6
2010/6/14,2243.96
2010/6/15,2305.88
2010/6/16,2305.93
2010/6/17,2307.16
2010/6/18,2309.8
2010/6/21,2289.09
2010/6/22,2261.8
2010/6/23,2254.23
2010/6/24,2217.42
2010/6/25,2223.48
2010/6/28,2220.65
2010/6/29,2135.18
2010/6/30,2109.24
2010/7/1,2101.36
2010/7/2,2091.79
2010/7/6,2093.88
2010/7/7,2159.47
2010/7/8,2175.4
2010/7/9,2196.45
2010/7/12,2198.36
2010/7/13,2242.03
2010/7/14,2249.84
2010/7/15,2249.08
2010/7/16,2179.05
2010/7/19,2198.23
2010/7/20,2222.49
2010/7/21,2187.33
2010/7/22,2245.89
2010/7/23,2269.47
2010/7/26,2296.43
2010/7/27,2288.25
2010/7/28,2264.56
2010/7/29,2251.69
2010/7/30,2254.7
2010/8/2,2295.36
2010/8/3,2283.52
2010/8/4,2303.57
2010/8/5,2293.06
2010/8/6,2288.47
2010/8/9,2305.69
2010/8/10,2277.17
2010/8/11,2208.63
2010/8/12,2190.27
2010/8/13,2173.48
2010/8/16,2181.87
2010/8/17,2209.44
2010/8/18,2215.7
2010/8/19,2178.95
2010/8/20,2179.76
2010/8/23,2159.63
2010/8/24,2123.76
2010/8/25,2141.54
2010/8/26,2118.69
2010/8/27,2153.63
2010/8/30,2119.97
2010/8/31,2114.03
2010/9/1,2176.84
2010/9/2,2200.01
2010/9/3,2233.75
2010/9/7,2208.89
2010/9/8,2228.87
2010/9/9,2236.2
2010/9/10,2242.48
2010/9/13,2285.71
2010/9/14,2289.77
2010/9/15,2301.32
2010/9/16,2303.25
2010/9/17,2315.61
2010/9/20,2355.83
2010/9/21,2349.35
2010/9/22,2334.55
2010/9/23,2327.08
2010/9/24,2381.22
2010/9/27,2369.77
2010/9/28,2379.59
2010/9/29,2376.56
2010/9/30,2368.62
2010/10/1,2370.75
2010/10/4,2344.52
2010/10/5,2399.83
2010/10/6,2380.66
2010/10/7,2383.67
2010/10/8,2401.91
2010/10/11,2402.33
2010/10/12,2417.92
2010/10/13,2441.23
2010/10/14,2435.38
2010/10/15,2468.77
2010/10/18,2480.66
2010/10/19,2436.95
2010/10/20,2457.39
2010/10/21,2459.67
2010/10/22,2479.39
2010/10/25,2490.85
2010/10/26,2497.29
2010/10/27,2503.26
2010/10/28,2507.37
2010/10/29,2507.41
2010/11/1,2504.84
2010/11/2,2533.52
2010/11/3,2540.27
2010/11/4,2577.34
2010/11/5,2578.98
2010/11/8,2580.05
2010/11/9,2562.98
2010/11/10,2578.78
2010/11/11,2555.52
2010/11/12,2518.21
2010/11/15,2513.82
2010/11/16,2469.84
2010/11/17,2476.01
2010/11/18,2514.4
2010/11/19,2518.12
2010/11/22,2532.02
2010/11/23,2494.95
2010/11/24,2543.12
2010/11/26,2534.56
2010/11/29,2525.22
2010/11/30,2498.23
2010/12/1,2549.43
2010/12/2,2579.35
2010/12/3,2591.46
2010/12/6,2594.92
2010/12/7,2598.49
2010/12/8,2609.16
2010/12/9,2616.67
2010/12/10,2637.54
2010/12/13,2624.91
2010/12/14,2627.72
2010/12/15,2617.22
2010/12/16,2637.31
2010/12/17,2642.97
2010/12/20,2649.56
2010/12/21,2667.61
2010/12/22,2671.48
2010/12/23,2665.6
2010/12/27,2667.27
2010/12/28,2662.88
2010/12/29,2666.93
2010/12/30,2662.98
2010/12/31,2652.87
2011/1/3,2691.52
2011/1/4,2681.25
2011/1/5,2702.2
2011/1/6,2709.89
2011/1/7,2703.17
2011/1/10,2707.8
2011/1/11,2716.83
2011/1/12,2737.33
2011/1/13,2735.29
2011/1/14,2755.3
2011/1/18,2765.85
2011/1/19,2725.36
2011/1/20,2704.29
2011/1/21,2689.54
2011/1/24,2717.55
2011/1/25,2719.25
2011/1/26,2739.5
2011/1/27,2755.28
2011/1/28,2686.89
2011/1/31,2700.08
2011/2/1,2751.19
2011/2/2,2749.56
2011/2/3,2753.88
2011/2/4,2769.3
2011/2/7,2783.99
2011/2/8,2797.05
2011/2/9,2789.07
2011/2/10,2790.45
2011/2/11,2809.44
2011/2/14,2817.18
2011/2/15,2804.35
2011/2/16,2825.56
2011/2/17,2831.58
2011/2/18,2833.95
2011/2/22,2756.42
2011/2/23,2722.99
2011/2/24,2737.9
2011/2/25,2781.05
2011/2/28,2782.27
2011/3/1,2737.41
2011/3/2,2748.07
2011/3/3,2798.74
2011/3/4,2784.67
2011/3/7,2745.63
2011/3/8,2765.77
2011/3/9,2751.72
2011/3/10,2701.02
2011/3/11,2715.61
2011/3/14,2700.97
2011/3/15,2667.33
2011/3/16,2616.82
2011/3/17,2636.05
2011/3/18,2643.67
2011/3/21,2692.09
2011/3/22,2683.87
2011/3/23,2698.3
2011/3/24,2736.42
2011/3/25,2743.06
2011/3/28,2730.68
2011/3/29,2756.89
2011/3/30,2776.79
2011/3/31,2781.07
2011/4/1,2789.6
2011/4/4,2789.19
2011/4/5,2791.19
2011/4/6,2799.82
2011/4/7,2796.14
2011/4/8,2780.42
2011/4/11,2771.51
2011/4/12,2744.79
2011/4/13,2761.52
2011/4/14,2760.22
2011/4/15,2764.65
2011/4/18,2735.38
2011/4/19,2744.97
2011/4/20,2802.51
2011/4/21,2820.16
2011/4/25,2825.88
2011/4/26,2847.54
2011/4/27,2869.88
2011/4/28,2872.53
2011/4/29,2873.54
2011/5/2,2864.08
2011/5/3,2841.62
2011/5/4,2828.23
2011/5/5,2814.72
2011/5/6,2827.56
2011/5/9,2843.25
2011/5/10,2871.89
2011/5/11,2845.06
2011/5/12,2863.04
2011/5/13,2828.47
2011/5/16,2782.31
2011/5/17,2783.21
2011/5/18,2815
2011/5/19,2823.31
2011/5/20,2803.32
2011/5/23,2758.9
2011/5/24,2746.16
2011/5/25,2761.38
2011/5/26,2782.92
2011/5/27,2796.86
2011/5/31,2835.3
2011/6/1,2769.19
2011/6/2,2773.31
2011/6/3,2732.78
2011/6/6,2702.56
2011/6/7,2701.56
2011/6/8,2675.38
2011/6/9,2684.87
2011/6/10,2643.73
2011/6/13,2639.69
2011/6/14,2678.72
2011/6/15,2631.46
2011/6/16,2623.7
2011/6/17,2616.48
2011/6/20,2629.66
2011/6/21,2687.26
2011/6/22,2669.19
2011/6/23,2686.75
2011/6/24,2652.89
2011/6/27,2688.28
2011/6/28,2729.31
2011/6/29,2740.49
2011/6/30,2773.52
2011/7/1,2816.03
2011/7/5,2825.77
2011/7/6,2834.02
2011/7/7,2872.66
2011/7/8,2859.81
2011/7/11,2802.62
2011/7/12,2781.91
2011/7/13,2796.92
2011/7/14,2762.67
2011/7/15,2789.8
2011/7/18,2765.11
2011/7/19,2826.52
2011/7/20,2814.23
2011/7/21,2834.43
2011/7/22,2858.83
2011/7/25,2842.8
2011/7/26,2839.96
2011/7/27,2764.79
2011/7/28,2766.25
2011/7/29,2756.38
2011/8/1,2744.61
2011/8/2,2669.24
2011/8/3,2693.07
2011/8/4,2556.39
2011/8/5,2532.41
2011/8/8,2357.69
2011/8/9,2482.52
2011/8/10,2381.05
2011/8/11,2492.68
2011/8/12,2507.98
2011/8/15,2555.2
2011/8/16,2523.45
2011/8/17,2511.48
2011/8/18,2380.43
2011/8/19,2341.84
2011/8/22,2345.38
2011/8/23,2446.06
2011/8/24,2467.69
2011/8/25,2419.63
2011/8/26,2479.85
2011/8/29,2562.11
2011/8/30,2576.11
2011/8/31,2579.46
2011/9/1,2546.04
2011/9/2,2480.33
2011/9/6,2473.83
2011/9/7,2548.94
2011/9/8,2529.14
2011/9/9,2467.99
2011/9/12,2495.09
2011/9/13,2532.15
2011/9/14,2572.55
2011/9/15,2607.07
2011/9/16,2622.31
2011/9/19,2612.83
2011/9/20,2590.24
2011/9/21,2538.19
2011/9/22,2455.67
2011/9/23,2483.23
2011/9/26,2516.69
2011/9/27,2546.83
2011/9/28,2491.58
2011/9/29,2480.76
2011/9/30,2415.4
2011/10/3,2335.83
2011/10/4,2404.82
2011/10/5,2460.51
2011/10/6,2506.82
2011/10/7,2479.35
2011/10/10,2566.05
2011/10/11,2583.03
2011/10/12,2604.73
2011/10/13,2620.24
2011/10/14,2667.85
2011/10/17,2614.92
2011/10/18,2657.43
2011/10/19,2604.04
2011/10/20,2598.62
2011/10/21,2637.46
2011/10/24,2699.44
2011/10/25,2638.42
2011/10/26,2650.67
2011/10/27,2738.63
2011/10/28,2737.15
2011/10/31,2684.41
2011/11/1,2606.96
2011/11/2,2639.98
2011/11/3,2697.97
2011/11/4,2686.15
2011/11/7,2695.25
2011/11/8,2727.49
2011/11/9,2621.65
2011/11/10,2625.15
2011/11/11,2678.75
2011/11/14,2657.22
2011/11/15,2686.2
2011/11/16,2639.61
2011/11/17,2587.99
2011/11/18,2572.5
2011/11/21,2523.14
2011/11/22,2521.28
2011/11/23,2460.08
2011/11/25,2441.51
2011/11/28,2527.34
2011/11/29,2515.51
2011/11/30,2620.34
2011/12/1,2626.2
2011/12/2,2626.93
2011/12/5,2655.76
2011/12/6,2649.56
2011/12/7,2649.21
2011/12/8,2596.38
2011/12/9,2646.85
2011/12/12,2612.26
2011/12/13,2579.27
2011/12/14,2539.31
2011/12/15,2541.01
2011/12/16,2555.33
2011/12/19,2523.14
2011/12/20,2603.73
2011/12/21,2577.97
2011/12/22,2599.45
2011/12/23,2618.64
2011/12/27,2625.2
2011/12/28,2589.98
2011/12/29,2613.74
2011/12/30,2605.15
2012/1/3,2648.72
2012/1/4,2648.36
2012/1/5,2669.86
2012/1/6,2674.22
2012/1/9,2676.56
2012/1/10,2702.5
2012/1/11,2710.76
2012/1/12,2724.7
2012/1/13,2710.67
2012/1/17,2728.08
2012/1/18,2769.71
2012/1/19,2788.33
2012/1/20,2786.7
2012/1/23,2784.17
2012/1/24,2786.64
2012/1/25,2818.31
2012/1/26,2805.28
2012/1/27,2816.55
2012/1/30,2811.94
2012/1/31,2813.84
2012/2/1,2848.27
2012/2/2,2859.68
2012/2/3,2905.66
2012/2/6,2901.99
2012/2/7,2904.08
2012/2/8,2915.86
2012/2/9,2927.23
2012/2/10,2903.88
2012/2/13,2931.39
2012/2/14,2931.83
2012/2/15,2915.83
2012/2/16,2959.85
2012/2/17,2951.78
2012/2/21,2948.57
2012/2/22,2933.17
2012/2/23,2956.98
2012/2/24,2963.75
2012/2/27,2966.16
2012/2/28,2986.76
2012/2/29,2966.89
2012/3/1,2988.97
2012/3/2,2976.19
2012/3/5,2950.48
2012/3/6,2910.32
2012/3/7,2935.69
2012/3/8,2970.42
2012/3/9,2988.34
2012/3/12,2983.66
2012/3/13,3039.88
2012/3/14,3040.73
2012/3/15,3056.37
2012/3/16,3055.26
2012/3/19,3078.32
2012/3/20,3074.15
2012/3/21,3075.32
2012/3/22,3063.32
2012/3/23,3067.92
2012/3/26,3122.57
2012/3/27,3120.35
2012/3/28,3104.96
2012/3/29,3095.36
2012/3/30,3091.57
2012/4/2,3119.7
2012/4/3,3113.57
2012/4/4,3068.09
2012/4/5,3080.5
2012/4/9,3047.08
2012/4/10,2991.22
2012/4/11,3016.46
2012/4/12,3055.55
2012/4/13,3011.33
2012/4/16,2988.4
2012/4/17,3042.82
2012/4/18,3031.45
2012/4/19,3007.56
2012/4/20,3000.45
2012/4/23,2970.45
2012/4/24,2961.6
2012/4/25,3029.63
2012/4/26,3050.61
2012/4/27,3069.2
2012/4/30,3046.36
2012/5/1,3050.44
2012/5/2,3059.85
2012/5/3,3024.3
2012/5/4,2956.34
2012/5/7,2957.76
2012/5/8,2946.27
2012/5/9,2934.71
2012/5/10,2933.64
2012/5/11,2933.82
2012/5/14,2902.58
2012/5/15,2893.76
2012/5/16,2874.04
2012/5/17,2813.69
2012/5/18,2778.79
2012/5/21,2847.21
2012/5/22,2839.08
2012/5/23,2850.12
2012/5/24,2839.38
2012/5/25,2837.53
2012/5/29,2870.99
2012/5/30,2837.36
2012/5/31,2827.34
2012/6/1,2747.48
2012/6/4,2760.01
2012/6/5,2778.11
2012/6/6,2844.72
2012/6/7,2831.02
2012/6/8,2858.42
2012/6/11,2809.73
2012/6/12,2843.07
2012/6/13,2818.61
2012/6/14,2836.33
2012/6/15,2872.8
2012/6/18,2895.33
2012/6/19,2929.76
2012/6/20,2930.45
2012/6/21,2859.09
2012/6/22,2892.42
2012/6/25,2836.16
2012/6/26,2854.06
2012/6/27,2875.32
2012/6/28,2849.49
2012/6/29,2935.05
2012/7/2,2951.23
2012/7/3,2976.08
2012/7/5,2976.12
2012/7/6,2937.33
2012/7/9,2931.77
2012/7/10,2902.33
2012/7/11,2887.98
2012/7/12,2866.19
2012/7/13,2908.47
2012/7/16,2896.94
2012/7/17,2910.04
2012/7/18,2942.6
2012/7/19,2965.9
2012/7/20,2925.3
2012/7/23,2890.15
2012/7/24,2862.99
2012/7/25,2854.24
2012/7/26,2893.25
2012/7/27,2958.09
2012/7/30,2945.84
2012/7/31,2939.52
2012/8/1,2920.21
2012/8/2,2909.77
2012/8/3,2967.9
2012/8/6,2989.91
2012/8/7,3015.86
2012/8/8,3011.25
2012/8/9,3018.64
2012/8/10,3020.86
2012/8/13,3022.52
2012/8/14,3016.98
2012/8/15,3030.93
2012/8/16,3062.39
2012/8/17,3076.59
2012/8/20,3076.21
2012/8/21,3067.26
2012/8/22,3073.67
2012/8/23,3053.4
2012/8/24,3069.79
2012/8/27,3073.19
2012/8/28,3077.14
2012/8/29,3081.19
2012/8/30,3048.71
2012/8/31,3066.96
2012/9/4,3075.06
2012/9/5,3069.27
2012/9/6,3135.81
2012/9/7,3136.42
2012/9/10,3104.02
2012/9/11,3104.53
2012/9/12,3114.31
2012/9/13,3155.83
2012/9/14,3183.95
2012/9/17,3178.67
2012/9/18,3177.8
2012/9/19,3182.62
2012/9/20,3175.96
2012/9/21,3179.96
2012/9/24,3160.78
2012/9/25,3117.73
2012/9/26,3093.7
2012/9/27,3136.6
2012/9/28,3116.23
2012/10/1,3113.53
2012/10/2,3120.04
2012/10/3,3135.23
2012/10/4,3149.46
2012/10/5,3136.19
2012/10/8,3112.35
2012/10/9,3065.02
2012/10/10,3051.78
2012/10/11,3049.41
2012/10/12,3044.11
2012/10/15,3064.18
2012/10/16,3101.17
2012/10/17,3104.12
2012/10/18,3072.87
2012/10/19,3005.62
2012/10/22,3016.96
2012/10/23,2990.46
2012/10/24,2981.7
2012/10/25,2986.12
2012/10/26,2987.95
2012/10/29,2987.95
2012/10/30,2987.95
2012/10/31,2977.23
2012/11/1,3020.06
2012/11/2,2982.13
2012/11/5,2999.66
2012/11/6,3011.93
2012/11/7,2937.29
2012/11/8,2895.58
2012/11/9,2904.87
2012/11/12,2904.25
2012/11/13,2883.89
2012/11/14,2846.81
2012/11/15,2836.94
2012/11/16,2853.13
2012/11/19,2916.07
2012/11/20,2916.68
2012/11/21,2926.55
2012/11/23,2966.85
2012/11/26,2976.78
2012/11/27,2967.79
2012/11/28,2991.78
2012/11/29,3012.03
2012/11/30,3010.24
2012/12/3,3002.2
2012/12/4,2996.69
2012/12/5,2973.7
2012/12/6,2989.27
2012/12/7,2978.04
2012/12/10,2986.96
2012/12/11,3022.3
2012/12/12,3013.81
2012/12/13,2992.16
2012/12/14,2971.33
2012/12/17,3010.6
2012/12/18,3054.53
2012/12/19,3044.36
2012/12/20,3050.39
2012/12/21,3021.01
2012/12/24,3012.6
2012/12/26,2990.16
2012/12/27,2985.91
2012/12/28,2960.31
2012/12/31,3019.51
2013/1/2,3112.26
2013/1/3,3100.57
2013/1/4,3101.66
2013/1/7,3098.81
2013/1/8,3091.81
2013/1/9,3105.81
2013/1/10,3121.76
2013/1/11,3125.63
2013/1/14,3117.5
2013/1/15,3110.78
2013/1/16,3117.54
2013/1/17,3136
2013/1/18,3134.71
2013/1/22,3143.18
2013/1/23,3153.67
2013/1/24,3130.38
2013/1/25,3149.71
2013/1/28,3154.3
2013/1/29,3153.66
2013/1/30,3142.31
2013/1/31,3142.13
2013/2/1,3179.1
2013/2/4,3131.17
2013/2/5,3171.58
2013/2/6,3168.48
2013/2/7,3165.13
2013/2/8,3193.87
2013/2/11,3192
2013/2/12,3186.49
2013/2/13,3196.88
2013/2/14,3198.66
2013/2/15,3192.03
2013/2/19,3213.59
2013/2/20,3164.41
2013/2/21,3131.49
2013/2/22,3161.82
2013/2/25,3116.25
2013/2/26,3129.65
2013/2/27,3162.26
2013/2/28,3160.19
2013/3/1,3169.74
2013/3/4,3182.03
2013/3/5,3224.13
2013/3/6,3222.37
2013/3/7,3232.09
2013/3/8,3244.37
2013/3/11,3252.87
2013/3/12,3242.32
2013/3/13,3245.12
2013/3/14,3258.93
2013/3/15,3249.07
2013/3/18,3237.59
2013/3/19,3229.1
2013/3/20,3254.19
2013/3/21,3222.6
2013/3/22,3245
2013/3/25,3235.3
2013/3/26,3252.48
2013/3/27,3256.52
2013/3/28,3267.52
2013/4/1,3239.17
2013/4/2,3254.86
2013/4/3,3218.6
2013/4/4,3224.98
2013/4/5,3203.86
2013/4/8,3222.25
2013/4/9,3237.86
2013/4/10,3297.25
2013/4/11,3300.16
2013/4/12,3294.95
2013/4/15,3216.49
2013/4/16,3264.63
2013/4/17,3204.67
2013/4/18,3166.36
2013/4/19,3206.06
2013/4/22,3233.55
2013/4/23,3269.33
2013/4/24,3269.65
2013/4/25,3289.99
2013/4/26,3279.26
2013/4/29,3307.02
2013/4/30,3328.79
2013/5/1,3299.13
2013/5/2,3340.62
2013/5/3,3378.63
2013/5/6,3392.97
2013/5/7,3396.63
2013/5/8,3413.27
2013/5/9,3409.17
2013/5/10,3436.58
2013/5/13,3438.79
2013/5/14,3462.61
2013/5/15,3471.62
2013/5/16,3465.24
2013/5/17,3498.97
2013/5/20,3496.43
2013/5/21,3502.12
2013/5/22,3463.3
2013/5/23,3459.42
2013/5/24,3459.14
2013/5/28,3488.89
2013/5/29,3467.52
2013/5/30,3491.3
2013/5/31,3455.91
2013/6/3,3465.37
2013/6/4,3445.26
2013/6/5,3401.48
2013/6/6,3424.05
2013/6/7,3469.22
2013/6/10,3473.77
2013/6/11,3436.95
2013/6/12,3400.43
2013/6/13,3445.36
2013/6/14,3423.56
2013/6/17,3452.13
2013/6/18,3482.18
2013/6/19,3443.2
2013/6/20,3364.64
2013/6/21,3357.25
2013/6/24,3320.76
2013/6/25,3347.89
2013/6/26,3376.22
2013/6/27,3401.86
2013/6/28,3403.25
2013/7/1,3434.49
2013/7/2,3433.4
2013/7/3,3443.67
2013/7/5,3479.38
2013/7/8,3484.83
2013/7/9,3504.26
2013/7/10,3520.76
2013/7/11,3578.3
2013/7/12,3600.08
2013/7/15,3607.49
2013/7/16,3598.5
2013/7/17,3610
2013/7/18,3611.28
2013/7/19,3587.61
2013/7/22,3600.39
2013/7/23,3579.27
2013/7/24,3579.6
2013/7/25,3605.19
2013/7/26,3613.16
2013/7/29,3599.14
2013/7/30,3616.47
2013/7/31,3626.37
2013/8/1,3675.74
2013/8/2,3689.59
2013/8/5,3692.95
2013/8/6,3665.77
2013/8/7,3654.01
2013/8/8,3669.12
2013/8/9,3660.11
2013/8/12,3669.95
2013/8/13,3684.44
2013/8/14,3669.27
2013/8/15,3606.12
2013/8/16,3602.78
2013/8/19,3589.09
2013/8/20,3613.59
2013/8/21,3599.79
2013/8/22,3638.71
2013/8/23,3657.79
2013/8/26,3657.57
2013/8/27,3578.52
2013/8/28,3593.35
2013/8/29,3620.3
2013/8/30,3589.87
2013/9/3,3612.61
2013/9/4,3649.04
2013/9/5,3658.78
2013/9/6,3660.01
2013/9/9,3706.18
2013/9/10,3729.02
2013/9/11,3725.01
2013/9/12,3715.97
2013/9/13,3722.18
2013/9/16,3717.85
2013/9/17,3745.7
2013/9/18,3783.64
2013/9/19,3789.38
2013/9/20,3774.73
2013/9/23,3765.29
2013/9/24,3768.25
2013/9/25,3761.1
2013/9/26,3787.43
2013/9/27,3781.59
2013/9/30,3771.48
2013/10/1,3817.98
2013/10/2,3815.02
2013/10/3,3774.34
2013/10/4,3807.75
2013/10/7,3770.38
2013/10/8,3694.83
2013/10/9,3677.78
2013/10/10,3760.75
2013/10/11,3791.87
2013/10/14,3815.28
2013/10/15,3794.01
2013/10/16,3839.43
2013/10/17,3863.15
2013/10/18,3914.28
2013/10/21,3920.05
2013/10/22,3929.57
2013/10/23,3907.07
2013/10/24,3928.96
2013/10/25,3943.36
2013/10/28,3940.13
2013/10/29,3952.34
2013/10/30,3930.62
2013/10/31,3919.71
2013/11/1,3922.04
2013/11/4,3936.59
2013/11/5,3939.86
2013/11/6,3931.95
2013/11/7,3857.33
2013/11/8,3919.23
2013/11/11,3919.79
2013/11/12,3919.92
2013/11/13,3965.58
2013/11/14,3972.74
2013/11/15,3985.97
2013/11/18,3949.07
2013/11/19,3931.55
2013/11/20,3921.27
2013/11/21,3969.16
2013/11/22,3991.65
2013/11/25,3994.57
2013/11/26,4017.75
2013/11/27,4044.75
2013/11/29,4059.89
2013/12/2,4045.26
2013/12/3,4037.2
2013/12/4,4038
2013/12/5,4033.17
2013/12/6,4062.52
2013/12/9,4068.75
2013/12/10,4060.49
2013/12/11,4003.81
2013/12/12,3998.4
2013/12/13,4000.98
2013/12/16,4029.52
2013/12/17,4023.68
2013/12/18,4070.06
2013/12/19,4058.14
2013/12/20,4104.74
2013/12/23,4148.9
2013/12/24,4155.42
2013/12/26,4167.18
2013/12/27,4156.59
2013/12/30,4154.2
2013/12/31,4176.59
2014/1/2,4143.07
2014/1/3,4131.91
2014/1/6,4113.68
2014/1/7,4153.18
2014/1/8,4165.61
2014/1/9,4156.19
2014/1/10,4174.67
2014/1/13,4113.3
2014/1/14,4183.02
2014/1/15,4214.88
2014/1/16,4218.69
2014/1/17,4197.58
2014/1/21,4225.76
2014/1/22,4243
2014/1/23,4218.88
2014/1/24,4128.17
2014/1/27,4083.61
2014/1/28,4097.96
2014/1/29,4051.43
2014/1/30,4123.13
2014/1/31,4103.88
2014/2/3,3996.96
2014/2/4,4031.52
2014/2/5,4011.55
2014/2/6,4057.12
2014/2/7,4125.86
2014/2/10,4148.17
2014/2/11,4191.05
2014/2/12,4201.29
2014/2/13,4240.67
2014/2/14,4244.02
2014/2/18,4272.78
2014/2/19,4237.95
2014/2/20,4267.55
2014/2/21,4263.41
2014/2/24,4292.97
2014/2/25,4287.59
2014/2/26,4292.06
2014/2/27,4318.93
2014/2/28,4308.12
2014/3/3,4277.3
2014/3/4,4351.97
2014/3/5,4357.97
2014/3/6,4352.13
2014/3/7,4336.22
2014/3/10,4334.45
2014/3/11,4307.19
2014/3/12,4323.33
2014/3/13,4260.42
2014/3/14,4245.4
2014/3/17,4279.95
2014/3/18,4333.31
2014/3/19,4307.6
2014/3/20,4319.29
2014/3/21,4276.79
2014/3/24,4226.39
2014/3/25,4234.27
2014/3/26,4173.58
2014/3/27,4151.23
2014/3/28,4155.76
2014/3/31,4198.99
2014/4/1,4268.04
2014/4/2,4276.46
2014/4/3,4237.74
2014/4/4,4127.73
2014/4/7,4079.75
2014/4/8,4112.99
2014/4/9,4183.9
2014/4/10,4054.11
2014/4/11,3999.73
2014/4/14,4022.69
2014/4/15,4034.16
2014/4/16,4086.23
2014/4/17,4095.52
2014/4/21,4121.55
2014/4/22,4161.46
2014/4/23,4126.97
2014/4/24,4148.34
2014/4/25,4075.56
2014/4/28,4074.4
2014/4/29,4103.54
2014/4/30,4114.56
2014/5/1,4127.45
2014/5/2,4123.9
2014/5/5,4138.06
2014/5/6,4080.76
2014/5/7,4067.67
2014/5/8,4051.5
2014/5/9,4071.87
2014/5/12,4143.86
2014/5/13,4130.17
2014/5/14,4100.63
2014/5/15,4069.29
2014/5/16,4090.59
2014/5/19,4125.81
2014/5/20,4096.89
2014/5/21,4131.54
2014/5/22,4154.34
2014/5/23,4185.81
2014/5/27,4237.07
2014/5/28,4225.08
2014/5/29,4247.95
2014/5/30,4242.62
2014/6/2,4237.2
2014/6/3,4234.08
2014/6/4,4251.64
2014/6/5,4296.23
2014/6/6,4321.4
2014/6/9,4336.24
2014/6/10,4338
2014/6/11,4331.93
2014/6/12,4297.63
2014/6/13,4310.65
2014/6/16,4321.1
2014/6/17,4337.23
2014/6/18,4362.84
2014/6/19,4359.33
2014/6/20,4368.04
2014/6/23,4368.68
2014/6/24,4350.35
2014/6/25,4379.76
2014/6/26,4379.05
2014/6/27,4397.93
2014/6/30,4408.18
2014/7/1,4458.65
2014/7/2,4457.73
2014/7/3,4485.93
2014/7/7,4451.53
2014/7/8,4391.46
2014/7/9,4419.03
2014/7/10,4396.2
2014/7/11,4415.49
2014/7/14,4440.42
2014/7/15,4416.39
2014/7/16,4425.97
2014/7/17,4363.45
2014/7/18,4432.15
2014/7/21,4424.7
2014/7/22,4456.02
2014/7/23,4473.7
2014/7/24,4472.11
2014/7/25,4449.56
2014/7/28,4444.91
2014/7/29,4442.7
2014/7/30,4462.9
2014/7/31,4369.77
2014/8/1,4352.64
2014/8/4,4383.89
2014/8/5,4352.84
2014/8/6,4355.05
2014/8/7,4334.97
2014/8/8,4370.9
2014/8/11,4401.33
2014/8/12,4389.25
2014/8/13,4434.13
2014/8/14,4453
2014/8/15,4464.93
2014/8/18,4508.31
2014/8/19,4527.51
2014/8/20,4526.48
2014/8/21,4532.1
2014/8/22,4538.55
2014/8/25,4557.35
2014/8/26,4570.64
2014/8/27,4569.62
2014/8/28,4557.7
2014/8/29,4580.27
2014/9/2,4598.19
2014/9/3,4572.56
2014/9/4,4562.29
2014/9/5,4582.9
2014/9/8,4592.29
2014/9/9,4552.29
2014/9/10,4586.52
2014/9/11,4591.81
2014/9/12,4567.6
2014/9/15,4518.9
2014/9/16,4552.76
2014/9/17,4562.19
2014/9/18,4593.43
2014/9/19,4579.79
2014/9/22,4527.69
2014/9/23,4508.69
2014/9/24,4555.22
2014/9/25,4466.75
2014/9/26,4512.19
2014/9/29,4505.85
2014/9/30,4493.39
2014/10/1,4422.09
2014/10/2,4430.2
2014/10/3,4475.62
2014/10/6,4454.8
2014/10/7,4385.2
2014/10/8,4468.59
2014/10/9,4378.34
2014/10/10,4276.24
2014/10/13,4213.66
2014/10/14,4227.17
2014/10/15,4215.32
2014/10/16,4217.39
2014/10/17,4258.44
2014/10/20,4316.07
2014/10/21,4419.48
2014/10/22,4382.85
2014/10/23,4452.79
2014/10/24,4483.72
2014/10/27,4485.93
2014/10/28,4564.29
2014/10/29,4549.23
2014/10/30,4566.14
2014/10/31,4630.74
2014/11/3,4638.91
2014/11/4,4623.64
2014/11/5,4620.72
2014/11/6,4638.47
2014/11/7,4632.53
2014/11/10,4651.62
2014/11/11,4660.56
2014/11/12,4675.14
2014/11/13,4680.14
2014/11/14,4688.54
2014/11/17,4671
2014/11/18,4702.44
2014/11/19,4675.71
2014/11/20,4701.87
2014/11/21,4712.97
2014/11/24,4754.89
2014/11/25,4758.25
2014/11/26,4787.32
2014/11/28,4791.63
2014/12/1,4727.35
2014/12/2,4755.81
2014/12/3,4774.47
2014/12/4,4769.44
2014/12/5,4780.76
2014/12/8,4740.69
2014/12/9,4766.47
2014/12/10,4684.02
2014/12/11,4708.16
2014/12/12,4653.6
2014/12/15,4605.16
2014/12/16,4547.83
2014/12/17,4644.31
2014/12/18,4748.4
2014/12/19,4765.38
2014/12/22,4781.42
2014/12/23,4765.42
2014/12/24,4773.47
2014/12/26,4806.86
2014/12/29,4806.91
2014/12/30,4777.44
2014/12/31,4736.05
2015/1/2,4726.81
2015/1/5,4652.57
2015/1/6,4592.74
2015/1/7,4650.47
2015/1/8,4736.19
2015/1/9,4704.07
2015/1/12,4664.71
2015/1/13,4661.5
2015/1/14,4639.32
2015/1/15,4570.82
2015/1/16,4634.38
2015/1/20,4654.85
2015/1/21,4667.42
2015/1/22,4750.4
2015/1/23,4757.88
2015/1/26,4771.76
2015/1/27,4681.5
2015/1/28,4637.99
2015/1/29,4683.41
2015/1/30,4635.24
2015/2/2,4676.69
2015/2/3,4727.74
2015/2/4,4716.7
2015/2/5,4765.1
2015/2/6,4744.4
2015/2/9,4726.01
2015/2/10,4787.64
2015/2/11,4801.18
2015/2/12,4857.61
2015/2/13,4893.84
2015/2/17,4899.27
2015/2/18,4906.36
2015/2/19,4924.7
2015/2/20,4955.97
2015/2/23,4960.97
2015/2/24,4968.12
2015/2/25,4967.14
2015/2/26,4987.89
2015/2/27,4963.53
2015/3/2,5008.1
2015/3/3,4979.9
2015/3/4,4967.14
2015/3/5,4982.81
2015/3/6,4927.37
2015/3/9,4942.44
2015/3/10,4859.79
2015/3/11,4849.94
2015/3/12,4893.29
2015/3/13,4871.76
2015/3/16,4929.51
2015/3/17,4937.43
2015/3/18,4982.83
2015/3/19,4992.38
2015/3/20,5026.42
2015/3/23,5010.97
2015/3/24,4994.73
2015/3/25,4876.52
2015/3/26,4863.36
2015/3/27,4891.22
2015/3/30,4947.44
2015/3/31,4900.88
2015/4/1,4880.23
2015/4/2,4886.94
2015/4/6,4917.32
2015/4/7,4910.23
2015/4/8,4950.82
2015/4/9,4974.56
2015/4/10,4995.98
2015/4/13,4988.25
2015/4/14,4977.29
2015/4/15,5011.02
2015/4/16,5007.79
2015/4/17,4931.81
2015/4/20,4994.6
2015/4/21,5014.1
2015/4/22,5035.17
2015/4/23,5056.06
2015/4/24,5092.08
2015/4/27,5060.25
2015/4/28,5055.42
2015/4/29,5023.64
2015/4/30,4941.42
2015/5/1,5005.39
2015/5/4,5016.93
2015/5/5,4939.33
2015/5/6,4919.64
2015/5/7,4945.54
2015/5/8,5003.55
2015/5/11,4993.57
2015/5/12,4976.19
2015/5/13,4981.69
2015/5/14,5050.8
2015/5/15,5048.29
2015/5/18,5078.44
2015/5/19,5070.03
2015/5/20,5071.74
2015/5/21,5090.79
2015/5/22,5089.36
2015/5/26,5032.75
2015/5/27,5106.593
2015/5/28,5097.976
2015/5/29,5070.026
2015/6/1,5082.929
2015/6/2,5076.524
2015/6/3,5099.231
2015/6/4,5059.125
2015/6/5,5068.458
2015/6/8,5021.627
2015/6/9,5013.865
2015/6/10,5076.689
2015/6/11,5082.509
2015/6/12,5051.102
2015/6/15,5029.973
2015/6/16,5055.553
2015/6/17,5064.881
2015/6/18,5132.949
2015/6/19,5117.001
2015/6/22,5153.972
2015/6/23,5160.095
2015/6/24,5122.414
2015/6/25,5112.19
2015/6/26,5080.505
2015/6/29,4958.468
2015/6/30,4986.867
2015/7/1,5013.124
2015/7/2,5009.214
2015/7/6,4991.94
2015/7/7,4997.459
2015/7/8,4909.761
2015/7/9,4922.397
2015/7/10,4997.696
2015/7/13,5071.512
2015/7/14,5104.891
2015/7/15,5098.941
2015/7/16,5163.184
2015/7/17,5210.143
2015/7/20,5218.859
2015/7/21,5208.12
2015/7/22,5171.77
2015/7/23,5146.409
2015/7/24,5088.629
2015/7/27,5039.776
2015/7/28,5089.207
2015/7/29,5111.733
2015/7/30,5128.785
2015/7/31,5128.281
2015/8/3,5115.382
2015/8/4,5105.546
2015/8/5,5139.945
2015/8/6,5056.44
2015/8/7,5043.544
2015/8/10,5101.799
2015/8/11,5036.79
2015/8/12,5044.387
2015/8/13,5033.558
2015/8/14,5048.235
2015/8/17,5091.699
2015/8/18,5059.347
2015/8/19,5019.051
2015/8/20,4877.487
2015/8/21,4706.039
2015/8/24,4526.249
2015/8/25,4506.488
2015/8/26,4697.537
2015/8/27,4812.708
2015/8/28,4828.325
2015/8/31,4776.508
2015/9/1,4636.105
2015/9/2,4749.979
2015/9/3,4733.497
2015/9/4,4683.918
2015/9/8,4811.93
2015/9/9,4756.528
2015/9/10,4796.251
2015/9/11,4822.341
2015/9/14,4805.763
2015/9/15,4860.52
2015/9/16,4889.239
2015/9/17,4893.949
2015/9/18,4827.228
2015/9/21,4828.955
2015/9/22,4756.723
2015/9/23,4752.744
2015/9/24,4734.479
2015/9/25,4686.496
2015/9/28,4543.969
2015/9/29,4517.321
2015/9/30,4620.165
2015/10/1,4627.084
2015/10/2,4707.775
2015/10/5,4781.264
2015/10/6,4748.36
2015/10/7,4791.152
2015/10/8,4810.788
2015/10/9,4830.47
2015/10/12,4838.643
2015/10/13,4796.609
2015/10/14,4782.848
2015/10/15,4870.1
2015/10/16,4886.688
2015/10/19,4905.471
2015/10/20,4880.972
2015/10/21,4840.117
2015/10/22,4920.05
2015/10/23,5031.864
2015/10/26,5034.704
2015/10/27,5030.145
2015/10/28,5095.69
2015/10/29,5074.274
2015/10/30,5053.749
2015/11/2,5127.145
2015/11/3,5145.126
2015/11/4,5142.479
2015/11/5,5127.738
2015/11/6,5147.121
2015/11/9,5095.302
2015/11/10,5083.244
2015/11/11,5067.02
2015/11/12,5005.079
2015/11/13,4927.883
2015/11/16,4984.617
2015/11/17,4986.015
2015/11/18,5075.203
2015/11/19,5073.639
2015/11/20,5104.918
2015/11/23,5102.478
2015/11/24,5102.808
2015/11/25,5116.143
2015/11/27,5127.524
2015/11/30,5108.666
2015/12/1,5156.307
2015/12/2,5123.222
2015/12/3,5037.527
2015/12/4,5142.271
2015/12/7,5101.812
2015/12/8,5098.243
2015/12/9,5022.865
2015/12/10,5045.172
2015/12/11,4933.465
2015/12/14,4952.229
2015/12/15,4995.357
2015/12/16,5071.132
2015/12/17,5002.553
2015/12/18,4923.082
2015/12/21,4968.922
2015/12/22,5001.11
2015/12/23,5045.932
2015/12/24,5048.492
2015/12/28,5040.985
2015/12/29,5107.938
2015/12/30,5065.846
2015/12/31,5007.412
2016/1/4,4903.089
2016/1/5,4891.43
2016/1/6,4835.765
2016/1/7,4689.426
2016/1/8,4643.631
2016/1/11,4637.989
2016/1/12,4685.919
2016/1/13,4526.064
2016/1/14,4615.003
2016/1/15,4488.417
2016/1/19,4476.95
2016/1/20,4471.686
2016/1/21,4472.056
2016/1/22,4591.18
2016/1/25,4518.491
2016/1/26,4567.673
2016/1/27,4468.167
2016/1/28,4506.676
2016/1/29,4613.953
2016/2/1,4620.367
2016/2/2,4516.946
2016/2/3,4504.238
2016/2/4,4509.559
2016/2/5,4363.144
2016/2/8,4283.753
2016/2/9,4268.763
2016/2/10,4283.592
2016/2/11,4266.837
2016/2/12,4337.512
2016/2/16,4435.956
2016/2/17,4534.064
2016/2/18,4487.537
2016/2/19,4504.429
2016/2/22,4570.607
2016/2/23,4503.583
2016/2/24,4542.606
2016/2/25,4582.205
2016/2/26,4590.473
2016/2/29,4557.95
2016/3/1,4689.595
2016/3/2,4703.422
2016/3/3,4707.422
2016/3/4,4717.021
2016/3/7,4708.254
2016/3/8,4648.825
2016/3/9,4674.378
2016/3/10,4662.156
2016/3/11,4748.466
2016/3/14,4750.28
2016/3/15,4728.668
2016/3/16,4763.97
2016/3/17,4774.985
2016/3/18,4795.647
2016/3/21,4808.872
2016/3/22,4821.659
2016/3/23,4768.861
2016/3/24,4773.505
2016/3/28,4766.787
2016/3/29,4846.623
2016/3/30,4869.294
2016/3/31,4869.848
2016/4/1,4914.542
2016/4/4,4891.795
2016/4/5,4843.933
2016/4/6,4920.715
2016/4/7,4848.366
2016/4/8,4850.689
2016/4/11,4833.399
2016/4/12,4872.091
2016/4/13,4947.42
2016/4/14,4945.886
2016/4/15,4938.216
2016/4/18,4960.017
2016/4/19,4940.33
2016/4/20,4948.13
2016/4/21,4945.886
2016/4/22,4906.228
2016/4/25,4895.786
2016/4/26,4888.283
2016/4/27,4863.141
2016/4/28,4805.291
2016/4/29,4775.358
2016/5/2,4817.594
2016/5/3,4763.224
2016/5/4,4725.64
2016/5/5,4717.094
2016/5/6,4736.155
2016/5/9,4750.209
2016/5/10,4809.88
2016/5/11,4760.688
2016/5/12,4737.334
2016/5/13,4717.676
2016/5/16,4775.459
2016/5/17,4715.733
2016/5/18,4739.119
2016/5/19,4712.533
2016/5/20,4769.558
2016/5/23,4765.782
2016/5/24,4861.056
2016/5/25,4894.891
2016/5/26,4901.766
2016/5/27,4933.505
2016/5/31,4948.055
2016/6/1,4952.251
2016/6/2,4971.363
2016/6/3,4942.517
2016/6/6,4968.713
2016/6/7,4961.753
2016/6/8,4974.642
2016/6/9,4958.616
2016/6/10,4894.548
2016/6/13,4848.44
2016/6/14,4843.551
2016/6/15,4834.932
2016/6/16,4844.915
2016/6/17,4800.338
2016/6/20,4837.214
2016/6/21,4843.763
2016/6/22,4833.319
2016/6/23,4910.041
2016/6/24,4707.979
2016/6/27,4594.443
2016/6/28,4691.867
2016/6/29,4779.246
2016/6/30,4842.672
2016/7/1,4862.567
2016/7/5,4822.901
2016/7/6,4859.161
2016/7/7,4876.807
2016/7/8,4956.757
2016/7/11,4988.639
2016/7/12,5022.82
2016/7/13,5005.727
2016/7/14,5034.058
2016/7/15,5029.588
2016/7/18,5055.783
2016/7/19,5036.373
2016/7/20,5089.933
2016/7/21,5073.904
2016/7/22,5100.162
2016/7/25,5097.628
2016/7/26,5110.047
2016/7/27,5139.81
2016/7/28,5154.982
2016/7/29,5162.131
2016/8/1,5184.196
2016/8/2,5137.732
2016/8/3,5159.737
2016/8/4,5166.248
2016/8/5,5221.121
2016/8/8,5213.141
2016/8/9,5225.48
2016/8/10,5204.584
2016/8/11,5228.399
2016/8/12,5232.895
2016/8/15,5262.015
2016/8/16,5227.111
2016/8/17,5228.658
2016/8/18,5240.146
2016/8/19,5238.378
2016/8/22,5244.603
2016/8/23,5260.078
2016/8/24,5217.695
2016/8/25,5212.204
2016/8/26,5218.917
2016/8/29,5232.328
2016/8/30,5222.989
2016/8/31,5213.219
2016/9/1,5227.206
2016/9/2,5249.899
2016/9/6,5275.908
2016/9/7,5283.926
2016/9/8,5259.482
2016/9/9,5125.908
2016/9/12,5211.888
2016/9/13,5155.255
2016/9/14,5173.771
2016/9/15,5249.686
2016/9/16,5244.566
2016/9/19,5235.027
2016/9/20,5241.352
2016/9/21,5295.182
2016/9/22,5339.523
2016/9/23,5305.747
2016/9/26,5257.491
2016/9/27,5305.711
2016/9/28,5318.547
2016/9/29,5269.154
2016/9/30,5312.002
2016/10/3,5300.874
2016/10/4,5289.657
2016/10/5,5316.02
2016/10/6,5306.852
2016/10/7,5292.405
2016/10/10,5328.674
2016/10/11,5246.788
2016/10/12,5239.019
2016/10/13,5213.333
2016/10/14,5214.161
2016/10/17,5199.823
2016/10/18,5243.836
2016/10/19,5246.412
2016/10/20,5241.833
2016/10/21,5257.402
2016/10/24,5309.827
2016/10/25,5283.399
2016/10/26,5250.268
2016/10/27,5215.975
2016/10/28,5190.104
2016/10/31,5189.135
2016/11/1,5153.577
2016/11/2,5105.565
2016/11/3,5058.408
2016/11/4,5046.371
2016/11/7,5166.173
2016/11/8,5193.489
2016/11/9,5251.072
2016/11/10,5208.796
2016/11/11,5237.114
2016/11/14,5218.396
2016/11/15,5275.622
2016/11/16,5294.584
2016/11/17,5333.973
2016/11/18,5321.513
2016/11/21,5368.86
2016/11/22,5386.35
2016/11/23,5380.678
2016/11/25,5398.92
2016/11/28,5368.813
2016/11/29,5379.918
2016/11/30,5323.681
2016/12/1,5251.107
2016/12/2,5255.652
2016/12/5,5308.892
2016/12/6,5333
2016/12/7,5393.762
2016/12/8,5417.356
2016/12/9,5444.498
2016/12/12,5412.54
2016/12/13,5463.829
2016/12/14,5436.672
2016/12/15,5456.854
2016/12/16,5437.162
2016/12/19,5457.441
2016/12/20,5483.944
2016/12/21,5471.433
2016/12/22,5447.422
2016/12/23,5462.689
2016/12/27,5487.441
2016/12/28,5438.556
2016/12/29,5432.088
2016/12/30,5383.117
2017/1/3,5429.084
2017/1/4,5477.005
2017/1/5,5487.936
2017/1/6,5521.055
2017/1/9,5531.818
2017/1/10,5551.818
2017/1/11,5563.649
2017/1/12,5547.487
2017/1/13,5574.116
2017/1/17,5538.727
2017/1/18,5555.654
2017/1/19,5540.081
2017/1/20,5555.333
2017/1/23,5552.943
2017/1/24,5600.958
2017/1/25,5656.339
2017/1/26,5655.176
2017/1/27,5660.782
2017/1/30,5613.711
2017/1/31,5614.786
2017/2/1,5642.65
2017/2/2,5636.197
2017/2/3,5666.766
2017/2/6,5663.552
2017/2/7,5674.217
2017/2/8,5682.454
2017/2/9,5715.18
2017/2/10,5734.127
2017/2/13,5763.956
2017/2/14,5782.572
2017/2/15,5819.44
2017/2/16,5814.9
2017/2/17,5838.578
2017/2/21,5865.949
2017/2/22,5860.625
2017/2/23,5835.507
2017/2/24,5845.306
2017/2/27,5861.899
2017/2/28,5825.438
2017/3/1,5904.029
2017/3/2,5861.222
2017/3/3,5870.753
2017/3/6,5849.175
2017/3/7,5833.929
2017/3/8,5837.552
2017/3/9,5838.807
2017/3/10,5861.726
2017/3/13,5875.784
2017/3/14,5856.816
2017/3/15,5900.047
2017/3/16,5900.76
2017/3/17,5900.997
2017/3/20,5901.529
2017/3/21,5793.825
2017/3/22,5821.641
2017/3/23,5817.693
2017/3/24,5828.738
2017/3/27,5840.374
2017/3/28,5875.14
2017/3/29,5897.547
2017/3/30,5914.344
2017/3/31,5911.738
2017/4/3,5894.683
2017/4/4,5898.608
2017/4/5,5864.478
2017/4/6,5878.95
2017/4/7,5877.812
2017/4/10,5880.926
2017/4/11,5866.772
2017/4/12,5836.16
2017/4/13,5805.15
2017/4/17,5856.788
2017/4/18,5849.471
2017/4/19,5863.034
2017/4/20,5916.777
2017/4/21,5910.521
2017/4/24,5983.819
2017/4/25,6025.492
2017/4/26,6025.226
2017/4/27,6048.937
2017/4/28,6047.606
2017/5/1,6091.602
2017/5/2,6095.366
2017/5/3,6072.55
2017/5/4,6075.337
2017/5/5,6100.758
2017/5/8,6102.66
2017/5/9,6120.587
2017/5/10,6129.143
2017/5/11,6115.964
2017/5/12,6121.232
2017/5/15,6149.674
2017/5/16,6169.87
2017/5/17,6011.236
2017/5/18,6055.13
2017/5/19,6083.703
2017/5/22,6133.618
2017/5/23,6138.712
2017/5/24,6163.024
2017/5/25,6205.257
2017/5/26,6210.194
2017/5/30,6203.189
2017/5/31,6198.517
2017/6/1,6246.83
2017/6/2,6305.796
2017/6/5,6295.684
2017/6/6,6275.058
2017/6/7,6297.38
2017/6/8,6321.764
2017/6/9,6207.918
2017/6/12,6175.465
2017/6/13,6220.369
2017/6/14,6194.892
2017/6/15,6165.501
2017/6/16,6151.758
2017/6/19,6239.013
2017/6/20,6188.031
2017/6/21,6233.953
2017/6/22,6236.685
2017/6/23,6265.25
2017/6/26,6247.149
2017/6/27,6146.623
2017/6/28,6234.415
2017/6/29,6144.351
2017/6/30,6140.42
2017/7/3,6110.06
2017/7/5,6150.855
2017/7/6,6089.464
2017/7/7,6153.079
2017/7/10,6176.393
2017/7/11,6193.305
2017/7/12,6261.171
2017/7/13,6274.437
2017/7/14,6312.465
2017/7/17,6314.431
2017/7/18,6344.305
2017/7/19,6385.042
2017/7/20,6390.002
2017/7/21,6387.754
2017/7/24,6410.808
2017/7/25,6412.173
2017/7/26,6422.747
2017/7/27,6382.186
2017/7/28,6374.677
2017/7/31,6348.123
2017/8/1,6362.938
2017/8/2,6362.645
2017/8/3,6340.341
2017/8/4,6351.564
2017/8/7,6383.772
2017/8/8,6370.46
2017/8/9,6352.332
2017/8/10,6216.872
2017/8/11,6256.556
2017/8/14,6340.232
2017/8/15,6333.013
2017/8/16,6345.109
2017/8/17,6221.915
2017/8/18,6216.527
2017/8/21,6213.127
2017/8/22,6297.478
2017/8/23,6278.406
2017/8/24,6271.326
2017/8/25,6265.644
2017/8/28,6283.015
2017/8/29,6301.886
2017/8/30,6368.309
2017/8/31,6428.662
2017/9/1,6435.331
2017/9/5,6375.574
2017/9/6,6393.314
2017/9/7,6397.869
2017/9/8,6360.191
2017/9/11,6432.264
2017/9/12,6454.282
2017/9/13,6460.188
2017/9/14,6429.084
2017/9/15,6448.467
2017/9/18,6454.639
2017/9/19,6461.323
2017/9/20,6456.044
2017/9/21,6422.693
2017/9/22,6426.922
2017/9/25,6370.593
2017/9/26,6380.164
2017/9/27,6453.263
2017/9/28,6453.451
2017/9/29,6495.959
2017/10/2,6516.718
2017/10/3,6531.714
2017/10/4,6534.627
2017/10/5,6585.356
2017/10/6,6590.18
2017/10/9,6579.731
2017/10/10,6587.251
2017/10/11,6603.548
2017/10/12,6591.51
2017/10/13,6605.801
2017/10/16,6624.005
2017/10/17,6623.657
2017/10/18,6624.22
2017/10/19,6605.067
2017/10/20,6629.053
2017/10/23,6586.826
2017/10/24,6598.43
2017/10/25,6563.891
2017/10/26,6556.774
2017/10/27,6701.263
2017/10/30,6698.963
2017/10/31,6727.669
2017/11/1,6716.533
2017/11/2,6714.943
2017/11/3,6764.435
2017/11/6,6786.436
2017/11/7,6767.783
2017/11/8,6789.118
2017/11/9,6750.053
2017/11/10,6750.939
2017/11/13,6757.595
2017/11/14,6737.872
2017/11/15,6706.208
2017/11/16,6793.291
2017/11/17,6782.791
2017/11/20,6790.714
2017/11/21,6862.48
2017/11/22,6867.36
2017/11/24,6889.16
2017/11/27,6878.52
2017/11/28,6912.36
2017/11/29,6824.39
2017/11/30,6873.97
2017/12/1,6847.59
2017/12/4,6775.37
2017/12/5,6762.21
2017/12/6,6776.38
2017/12/7,6812.84
2017/12/8,6840.08
2017/12/11,6875.08
2017/12/12,6862.32
2017/12/13,6875.8
2017/12/14,6856.53
2017/12/15,6936.58
2017/12/18,6994.76
2017/12/19,6963.85
2017/12/20,6960.96
2017/12/21,6965.36
2017/12/22,6959.96
2017/12/26,6936.25
2017/12/27,6939.34
2017/12/28,6950.16
2017/12/29,6903.39
2018/1/2,7006.9
2018/1/3,7065.53
2018/1/4,7077.91
2018/1/5,7136.56
2018/1/8,7157.39
2018/1/9,7163.58
2018/1/10,7153.57
2018/1/11,7211.78
2018/1/12,7261.06
2018/1/16,7223.69
2018/1/17,7298.28
2018/1/18,7296.05
2018/1/19,7336.38
2018/1/22,7408.03
2018/1/23,7460.29
2018/1/24,7415.06
2018/1/25,7411.16
2018/1/26,7505.77
2018/1/29,7466.51
2018/1/30,7402.48
2018/1/31,7411.48
2018/2/1,7385.86
2018/2/2,7240.95
2018/2/5,6967.53
2018/2/6,7115.88
2018/2/7,7051.98
2018/2/8,6777.16
2018/2/9,6874.49
2018/2/12,6981.96
2018/2/13,7013.51
2018/2/14,7143.62
2018/2/15,7256.43
2018/2/16,7239.47
2018/2/20,7234.31
2018/2/21,7218.23
2018/2/22,7210.09
2018/2/23,7337.39
2018/2/26,7421.46
2018/2/27,7330.35
2018/2/28,7273.01
2018/3/1,7180.56
2018/3/2,7257.87
2018/3/5,7330.7
2018/3/6,7372.01
2018/3/7,7396.65
2018/3/8,7427.95
2018/3/9,7560.81
2018/3/12,7588.32
2018/3/13,7511.01
2018/3/14,7496.81
2018/3/15,7481.74
2018/3/16,7481.99
2018/3/19,7344.24
2018/3/20,7364.3
2018/3/21,7345.29
2018/3/22,7166.68
2018/3/23,6992.67
2018/3/26,7220.54
2018/3/27,7008.81
2018/3/28,6949.23
2018/3/29,7063.44
2018/4/2,6870.12
2018/4/3,6941.28
2018/4/4,7042.11
2018/4/5,7076.55
2018/4/6,6915.11
2018/4/9,6950.34
2018/4/10,7094.3
2018/4/11,7069.03
2018/4/12,7140.25
2018/4/13,7106.65
2018/4/16,7156.28
2018/4/17,7281.1
2018/4/18,7295.24
2018/4/19,7238.06
2018/4/20,7146.13
2018/4/23,7128.6
2018/4/24,7007.35
2018/4/25,7003.74
2018/4/26,7118.68
2018/4/27,7119.8
2018/4/30,7066.27
2018/5/1,7130.7
2018/5/2,7100.9
2018/5/3,7088.15
2018/5/4,7209.62
2018/5/7,7265.21
2018/5/8,7266.9
2018/5/9,7339.91
2018/5/10,7404.97
2018/5/11,7402.88
2018/5/14,7411.32
2018/5/15,7351.63
2018/5/16,7398.3
2018/5/17,7382.47
2018/5/18,7354.34
2018/5/21,7394.04
2018/5/22,7378.46
2018/5/23,7425.96
2018/5/24,7424.43
2018/5/25,7433.85
2018/5/29,7396.59
2018/5/30,7462.45
2018/5/31,7442.12
2018/6/1,7554.33
2018/6/4,7606.46
2018/6/5,7637.86
2018/6/6,7689.24
2018/6/7,7635.07
2018/6/8,7645.51
2018/6/11,7659.93
2018/6/12,7703.79
2018/6/13,7695.7
2018/6/14,7761.04
2018/6/15,7746.38
2018/6/18,7747.03
2018/6/19,7725.59
2018/6/20,7781.51
2018/6/21,7712.95
2018/6/22,7692.82
2018/6/25,7532.01
2018/6/26,7561.63
2018/6/27,7445.08
2018/6/28,7503.68
2018/6/29,7510.3
2018/7/2,7567.69
2018/7/3,7502.67
2018/7/5,7586.43
2018/7/6,7688.39
2018/7/9,7756.2
2018/7/10,7759.2
2018/7/11,7716.61
2018/7/12,7823.92
2018/7/13,7825.98
2018/7/16,7805.72
2018/7/17,7855.12
2018/7/18,7854.44
2018/7/19,7825.3
2018/7/20,7820.2
2018/7/23,7841.87
2018/7/24,7840.77
2018/7/25,7932.24
2018/7/26,7852.18
2018/7/27,7737.42
2018/7/30,7630
2018/7/31,7671.79
2018/8/1,7707.29
2018/8/2,7802.69
2018/8/3,7812.01
2018/8/6,7859.68
2018/8/7,7883.66
2018/8/8,7888.33
2018/8/9,7891.78
2018/8/10,7839.11
2018/8/13,7819.71
2018/8/14,7870.89
2018/8/15,7774.12
2018/8/16,7806.52
2018/8/17,7816.33
2018/8/20,7821.01
2018/8/21,7859.17
2018/8/22,7889.1
2018/8/23,7878.46
2018/8/24,7945.98
2018/8/27,8017.9
2018/8/28,8030.04
2018/8/29,8109.69
2018/8/30,8088.36
2018/8/31,8109.54
2018/9/4,8091.25
2018/9/5,7995.17
2018/9/6,7922.73
2018/9/7,7902.54
2018/9/10,7924.16
2018/9/11,7972.47
2018/9/12,7954.23
2018/9/13,8013.71
2018/9/14,8010.04
2018/9/17,7895.79
2018/9/18,7956.11
2018/9/19,7950.04
2018/9/20,8028.23
2018/9/21,7986.96
2018/9/24,7993.25
2018/9/25,8007.47
2018/9/26,7990.37
2018/9/27,8041.97
2018/9/28,8046.35
2018/10/1,8037.3
2018/10/2,7999.55
2018/10/3,8025.09
2018/10/4,7879.51
2018/10/5,7788.45
2018/10/8,7735.95
2018/10/9,7738.02
2018/10/10,7422.05
2018/10/11,7329.06
2018/10/12,7496.89
2018/10/15,7430.74
2018/10/16,7645.49
2018/10/17,7642.7
2018/10/18,7485.14
2018/10/19,7449.03
2018/10/22,7468.63
2018/10/23,7437.54
2018/10/24,7108.4
2018/10/25,7318.34
2018/10/26,7167.21
2018/10/29,7050.29
2018/10/30,7161.65
2018/10/31,7305.9
2018/11/1,7434.06
2018/11/2,7356.99
2018/11/5,7328.85
2018/11/6,7375.96
2018/11/7,7570.75
2018/11/8,7530.88
2018/11/9,7406.9
2018/11/12,7200.87
2018/11/13,7200.87
2018/11/14,7136.39
2018/11/15,7259.03
2018/11/16,7247.87
2018/11/19,7028.48
2018/11/20,6908.82
2018/11/21,6972.25
2018/11/23,6938.98
2018/11/26,7081.85
2018/11/27,7082.7
2018/11/28,7291.59
2018/11/29,7273.08
2018/11/30,7330.54
2018/12/3,7441.51
2018/12/4,7158.43
2018/12/6,7188.26
2018/12/7,6969.25
2018/12/10,7020.52
2018/12/11,7031.83
2018/12/12,7098.31
2018/12/13,7070.33
2018/12/14,6910.66
2018/12/17,6753.73
2018/12/18,6783.91
2018/12/19,6636.83
2018/12/20,6528.41
2018/12/21,6332.99
2018/12/24,6192.92
2018/12/26,6554.36
2018/12/27,6579.49
2018/12/28,6584.52
2018/12/31,6635.28
2019/1/2,6665.94
2019/1/3,6463.5
2019/1/4,6738.86
2019/1/7,6823.47
2019/1/8,6897
2019/1/9,6957.08
2019/1/10,6986.07
2019/1/11,6971.48
2019/1/14,6905.92
2019/1/15,7023.83
2019/1/16,7034.69
2019/1/17,7084.46
2019/1/18,7157.23
2019/1/22,7020.36
2019/1/23,7025.77
2019/1/24,7073.46
2019/1/25,7164.86
2019/1/28,7085.69
2019/1/29,7028.29
2019/1/30,7183.08
2019/1/31,7281.74
2019/2/1,7263.87
2019/2/4,7347.54
2019/2/5,7402.08
2019/2/6,7375.28
2019/2/7,7288.35
2019/2/8,7298.2
2019/2/11,7307.91
2019/2/12,7414.62
2019/2/13,7420.38
2019/2/14,7426.95
2019/2/15,7472.41
2019/2/19,7486.77
2019/2/20,7489.07
2019/2/21,7459.71
2019/2/22,7527.55
2019/2/25,7554.46
2019/2/26,7549.3
2019/2/27,7554.51
2019/2/28,7532.53
2019/3/1,7595.35
2019/3/4,7577.57
2019/3/5,7576.36
2019/3/6,7505.92
2019/3/7,7421.46
2019/3/8,7408.141
2019/3/11,7558.063
2019/3/12,7591.031
2019/3/13,7643.406
2019/3/14,7630.91
2019/3/15,7688.527
2019/3/18,7714.477
2019/3/19,7723.945
2019/3/20,7728.969
2019/3/21,7838.961
2019/3/22,7642.668
2019/3/25,7637.543
2019/3/26,7691.523
2019/3/27,7643.379
2019/3/28,7669.164
2019/3/29,7729.32
2019/4/1,7828.91
2019/4/2,7848.688
2019/4/3,7895.551
2019/4/4,7891.785
2019/4/5,7938.691
2019/4/8,7953.883
2019/4/9,7909.277
2019/4/10,7964.242
2019/4/11,7947.359
2019/4/12,7984.164
2019/4/15,7976.012
2019/4/16,8000.227
2019/4/17,7996.078
2019/4/18,7998.063
2019/4/19,7998.063
2019/4/22,8015.266
2019/4/23,8120.82
2019/4/24,8102.016
2019/4/25,8118.684
2019/4/26,8146.398
2019/4/29,8161.852
2019/4/30,8095.387
2019/5/1,8049.641
2019/5/2,8036.773
2019/5/3,8163.996
2019/5/6,8123.289
2019/5/7,7963.758
2019/5/8,7943.32
2019/5/9,7910.586
2019/5/10,7916.941
2019/5/13,7647.023
2019/5/14,7734.492
2019/5/15,7822.148
2019/5/16,7898.047
2019/5/17,7816.285
2019/5/20,7702.375
2019/5/21,7785.723
2019/5/22,7750.844
2019/5/23,7628.285
2019/5/24,7637.008
2019/5/28,7607.352
2019/5/29,7547.309
2019/5/30,7567.715
2019/5/31,7453.148
2019/6/3,7333.02
2019/6/4,7527.117
2019/6/5,7575.477
2019/6/6,7615.555
2019/6/7,7742.102
2019/6/10,7823.168
2019/6/11,7822.566
2019/6/12,7792.719
2019/6/13,7837.129
2019/6/14,7796.66
2019/6/17,7845.023
2019/6/18,7953.883
2019/6/19,7987.324
2019/6/20,8051.34
2019/6/21,8031.707
2019/6/24,8005.695
2019/6/25,7884.715
2019/6/26,7909.973
2019/6/27,7967.758
2019/6/28,8006.242
2019/7/1,8091.164
2019/7/2,8109.094
2019/7/3,8170.23
2019/7/5,8161.789
2019/7/8,8098.383
2019/7/9,8141.727
2019/7/10,8202.531
2019/7/11,8196.043
2019/7/12,8244.145
2019/7/15,8258.184
2019/7/16,8222.797
2019/7/17,8185.207
2019/7/18,8207.242
2019/7/19,8146.488
2019/7/22,8204.137
2019/7/23,8251.402
2019/7/24,8321.5
2019/7/25,8238.539
2019/7/26,8330.211
2019/7/29,8293.328
2019/7/30,8273.613
2019/7/31,8175.418
2019/8/1,8111.121
2019/8/2,8004.074
2019/8/5,7726.039
2019/8/6,7833.266
2019/8/7,7862.824
2019/8/8,8039.156
2019/8/9,7959.141
2019/8/12,7863.41
2019/8/13,8016.359
2019/8/14,7773.938
2019/8/15,7766.617
2019/8/16,7895.992
2019/8/19,8002.813
2019/8/20,7948.559
2019/8/21,8020.207
2019/8/22,7991.387
2019/8/23,7751.766
2019/8/26,7853.734
2019/8/27,7826.945
2019/8/28,7856.883
2019/8/29,7973.395
2019/8/30,7962.883
2019/9/3,7874.16
2019/9/4,7976.879
2019/9/5,8116.828
2019/9/6,8103.074
2019/9/9,8087.438
2019/9/10,8084.156
2019/9/11,8169.68
2019/9/12,8194.469
2019/9/13,8176.715
2019/9/16,8153.543
2019/9/17,8186.016
2019/9/18,8177.391
2019/9/19,8182.879
2019/9/20,8117.676
2019/9/23,8112.461
2019/9/24,7993.625
2019/9/25,8077.383
2019/9/26,8030.66
2019/9/27,7939.625
2019/9/30,7999.34
2019/10/1,7908.684
2019/10/2,7785.246
2019/10/3,7872.266
2019/10/4,7982.473
2019/10/7,7956.293
2019/10/8,7823.777
2019/10/9,7903.742
2019/10/10,7950.781
2019/10/11,8057.039
2019/10/14,8048.648
2019/10/15,8148.707
2019/10/16,8124.184
2019/10/17,8156.852
2019/10/18,8089.543
2019/10/21,8162.988
2019/10/22,8104.297
2019/10/23,8119.793
2019/10/24,8185.797
2019/10/25,8243.117
2019/10/28,8325.984
2019/10/29,8276.852
2019/10/30,8303.977
2019/10/31,8292.359
2019/11/1,8386.398
2019/11/4,8433.199
2019/11/5,8434.68
2019/11/6,8410.629
2019/11/7,8434.516
2019/11/8,8475.313
2019/11/11,8464.277
2019/11/12,8486.09
2019/11/13,8482.102
2019/11/14,8479.016
2019/11/15,8540.828
2019/11/18,8549.938
2019/11/19,8570.656
2019/11/20,8526.73
2019/11/21,8506.211
2019/11/22,8519.887
2019/11/25,8632.488
2019/11/26,8647.934
2019/11/27,8705.176
2019/11/29,8665.473
2019/12/2,8567.988
2019/12/3,8520.645
2019/12/4,8566.672
2019/12/5,8570.703
2019/12/6,8656.527
2019/12/9,8621.828
2019/12/10,8616.184
2019/12/11,8654.051
2019/12/12,8717.316
2019/12/13,8734.879
2019/12/16,8814.227
2019/12/17,8823.355
2019/12/18,8827.734
2019/12/19,8887.219
2019/12/20,8924.957
2019/12/23,8945.648
2019/12/24,8952.883
2019/12/26,9022.391
2019/12/27,9006.617
2019/12/30,8945.992
2019/12/31,8972.605
2020/1/2,9092.188
2020/1/3,9020.77
2020/1/6,9071.465
2020/1/7,9068.582
2020/1/8,9129.242
2020/1/9,9203.426
2020/1/10,9178.859
2020/1/13,9273.934
2020/1/14,9251.328
2020/1/15,9258.695
2020/1/16,9357.133
2020/1/17,9388.945
2020/1/21,9370.809
2020/1/22,9383.77
2020/1/23,9402.477
2020/1/24,9314.91
2020/1/27,9139.309
2020/1/28,9269.68
2020/1/29,9275.164
2020/1/30,9298.934
2020/1/31,9150.938
2020/2/3,9273.402
2020/2/4,9467.973
2020/2/5,9508.684
2020/2/6,9572.152
2020/2/7,9520.512
2020/2/10,9628.391
2020/2/11,9638.941
2020/2/12,9725.961
2020/2/13,9711.969
2020/2/14,9731.176
2020/2/18,9732.742
2020/2/19,9817.18
2020/2/20,9750.965
2020/2/21,9576.59
2020/2/24,9221.281
2020/2/25,8965.613
2020/2/26,8980.773
2020/2/27,8566.48
2020/2/28,8567.367
2020/3/2,8952.164
2020/3/3,8684.09
2020/3/4,9018.09
2020/3/5,8738.594
2020/3/6,8575.617
2020/3/9,7950.676
2020/3/10,8344.254
2020/3/11,7952.051
2020/3/12,7201.801
2020/3/13,7874.875
2020/3/16,6904.594
2020/3/17,7334.781
2020/3/18,6989.844
2020/3/19,7150.578
2020/3/20,6879.516
2020/3/23,6860.672
2020/3/24,7417.855
2020/3/25,7384.297
2020/3/26,7797.535
2020/3/27,7502.379
2020/3/30,7774.152
2020/3/31,7700.098
2020/4/1,7360.582
2020/4/2,7487.313
2020/4/3,7373.082
2020/4/6,7913.238
2020/4/7,7887.258
2020/4/8,8090.902
2020/4/9,8153.574
2020/4/13,8192.426
2020/4/14,8515.742
2020/4/15,8393.176
2020/4/16,8532.363
2020/4/17,8650.141
2020/4/20,8560.727
2020/4/21,8263.23
2020/4/22,8495.379
2020/4/23,8494.754
2020/4/24,8634.52
2020/4/27,8730.164
2020/4/28,8607.73
2020/4/29,8914.711
2020/4/30,8889.551
2020/5/1,8604.949
2020/5/4,8710.715
2020/5/5,8809.121
2020/5/6,8854.387
2020/5/7,8979.66
2020/5/8,9121.32
2020/5/11,9192.344
2020/5/12,9002.551
2020/5/13,8863.168
2020/5/14,8943.723
2020/5/15,9014.559
2020/5/18,9234.828
2020/5/19,9185.105
2020/5/20,9375.777
2020/5/21,9284.883
2020/5/22,9324.586
2020/5/26,9340.219
2020/5/27,9412.359
2020/5/28,9368.988
2020/5/29,9489.871
2020/6/1,9552.051
2020/6/2,9608.375
2020/6/3,9682.91
2020/6/4,9615.813
2020/6/5,9814.082
2020/6/8,9924.746
2020/6/9,9953.754
2020/6/10,10020.348
2020/6/11,9492.727
2020/6/12,9588.809
2020/6/15,9726.023
2020/6/16,9895.867
2020/6/17,9910.531
2020/6/18,9943.051
2020/6/19,9946.125
2020/6/22,10056.477
2020/6/23,10131.367
2020/6/24,9909.164
2020/6/25,10017.004
2020/6/26,9757.219
2020/6/29,9874.152
2020/6/30,10058.766
2020/7/1,10154.629
2020/7/2,10207.629
2020/7/6,10433.648
2020/7/7,10343.887
2020/7/8,10492.5
2020/7/9,10547.75
2020/7/10,10617.445
2020/7/13,10390.844
2020/7/14,10488.578
2020/7/15,10550.492
2020/7/16,10473.828
2020/7/17,10503.191
2020/7/20,10767.094
2020/7/21,10680.363
2020/7/22,10706.129
2020/7/23,10461.418
2020/7/24,10363.176
2020/7/27,10536.266
2020/7/28,10402.09
2020/7/29,10542.941
2020/7/30,10587.813
2020/7/31,10745.273
2020/8/3,10902.797
2020/8/4,10941.164
2020/8/5,10998.398
2020/8/6,11108.07
2020/8/7,11010.984
2020/8/10,10968.355
2020/8/11,10782.824
2020/8/12,11012.238
2020/8/13,11042.504
2020/8/14,11019.301
2020/8/17,11129.727
2020/8/18,11210.844
2020/8/19,11146.461
2020/8/20,11264.953
2020/8/21,11311.801
2020/8/24,11379.719
2020/8/25,11466.473
2020/8/26,11665.059
2020/8/27,11625.336
2020/8/28,11695.633
2020/8/31,11775.457
2020/9/1,11939.668
2020/9/2,12056.441
2020/9/3,11458.102
2020/9/4,11313.133
2020/9/8,10847.691
2020/9/9,11141.563
2020/9/10,10919.594
2020/9/11,10853.547
2020/9/14,11056.652
2020/9/15,11190.324
2020/9/16,11050.469
2020/9/17,10910.277
2020/9/18,10793.281
2020/9/21,10778.797
2020/9/22,10963.637
2020/9/23,10632.984
2020/9/24,10672.266
2020/9/25,10913.563
2020/9/28,11117.523
2020/9/29,11085.25
2020/9/30,11167.508
2020/10/1,11326.508
2020/10/2,11075.016
2020/10/5,11332.484
2020/10/6,11154.605
2020/10/7,11364.598
2020/10/8,11420.98
2020/10/9,11579.945
2020/10/12,11876.258
2020/10/13,11863.895
2020/10/14,11768.73
2020/10/15,11713.871
2020/10/16,11671.555
2020/10/19,11478.883
2020/10/20,11516.496
2020/10/21,11484.695
2020/10/22,11506.004
2020/10/23,11548.281
2020/10/26,11358.938
2020/10/27,11431.352
2020/10/28,11004.867
2020/10/29,11185.594
2020/10/30,10911.59
2020/11/2,10957.613
2020/11/3,11160.574
2020/11/4,11590.781
2020/11/5,11890.926
2020/11/6,11895.23
2020/11/9,11713.781
2020/11/10,11553.855
2020/11/11,11786.43
2020/11/12,11709.59
2020/11/13,11829.2861
2020/11/16,11924.13
2020/11/17,11899.34
2020/11/18,11801.6
2020/11/19,11904.71
2020/11/20,11854.97
2020/11/23,11880.63
2020/11/24,12036.79
2020/11/25,12094.4
2020/11/27,12205.85
2020/11/30,12198.74
2020/12/1,12355.11
2020/12/2,12349.37
2020/12/3,12377.18
2020/12/4,12464.23
2020/12/7,12519.95
2020/12/8,12582.77
2020/12/9,12338.95
2020/12/10,12405.81
2020/12/11,12377.87
2020/12/14,12440.04
2020/12/15,12595.06
2020/12/16,12658.19
2020/12/17,12764.75
2020/12/18,12755.64
2020/12/21,12742.52
2020/12/22,12807.92
2020/12/23,12771.11
2020/12/24,12804.73
2020/12/28,12899.42
2020/12/29,12850.22
2020/12/30,12870
2020/12/31,12888.28
2021/1/4,12698.45
2021/1/5,12818.96
2021/1/6,12740.79
2021/1/7,13067.48
2021/1/8,13201.98
2021/1/11,13036.43
2021/1/12,
2021/1/13,
2021/1/14,
2021/1/15,
2021/1/16,
2021/1/17,
2021/1/18,
2021/1/19,
2021/1/20,
2021/1/21,
2021/1/22,
2021/1/23,
2021/1/24,
2021/1/25,
2021/1/26,
2021/1/27,
2021/1/28,
2021/1/29,
2021/1/30,
2021/1/31,
2021/2/1,
